Model,Accuracy,Precision,Recall,F1 Score,MCC,Topsis Score,Rank
T5,0.903846153846154,0.9039261317576934,0.903846153846154,0.9038413939631686,0.8077722816445221,0.4237142355229479,3
Gpt2,0.901500938086304,0.901513658124472,0.901500938086304,0.9015001579623124,0.8030145961100309,0.3762173898953348,4
Bert,0.900562851782364,0.9005642617780406,0.900562851782364,0.9005627642770087,0.8011271135591638,0.35732791371807426,6
Electra,0.9324577861163228,0.9328981677237492,0.9324577861163228,0.9324406042953454,0.8653558417844652,1.0,1
Tinybert,0.8827392120075047,0.8827513376513658,0.8827392120075047,0.8827382832884673,0.7654905495628331,0.0,7
Roberta,0.9127579737335836,0.9127812217282176,0.9127579737335836,0.912756745340303,0.8255391951344581,0.6020161326788181,2
Distilbert,0.901031894934334,0.9010350711534416,0.901031894934334,0.901031698975781,0.8020669660814868,0.36674549654742317,5
